"","course_name","district","city_name1","length","height","hiking_road","uphill_road","downhill_road","level","level_1"
"1","주사랑교회~바라산_코스","경기도","용인시",6877,451,4.3,1.5,1.08,20,"easy"
"2","지구촌교회~성지바위산_코스","경기도","용인시",2719,244,1.42,0.8,0.5,20,"easy"
"3","모락산산림욕장위~포도원민족교회기도원_코스","경기도","의왕시",8117,363,5.3,1.52,1.3,20,"easy"
"4","수지성당삼거리~성지바위산_코스","경기도","용인시",2901,244,1.8,0.9,0.2,20,"easy"
"5","삼성쉐르빌~성지바위산_코스","경기도","용인시",2444,244,1.24,0.9,0.3,20,"easy"
"6","포도원민족교회기도원~모락산산림욕장위_코스","경기도","의왕시",8117,363,4.82,1.5,1.8,20,"easy"
"7","주안말사거리~광교산 반딧불이화장실_코스","경기도","수원시",2244,116,1.74,0.2,0.3,20,"easy"
"8","성복천~성지바위산_코스","경기도","용인시",2889,244,1.99,0.7,0.2,20,"easy"
"9","주안말사거리~광교산둘레길_코스","경기도","수원시",4277,189,2.78,0.7,0.8,20,"easy"
"10","용인동천동우체국~바라산_코스","경기도","용인시",9389,451,5.8,2.2,1.39,20,"easy"
"11","능원초등학교~불곡산_코스","경기도","용인시",5540,318,3.1,1.8,0.64,20,"easy"
"12","도정산~비루봉_코스","경기도","의정부",4855,285,3.16,1,0.7,20,"easy"
"13","봉산_코스","경기도","고양시",3828,181,2.33,1,0.5,20,"easy"
"14","봉산~증산로13가길 35_코스","경기도","고양시",3672,181,2.07,0.3,1.3,20,"easy"
"15","봉산~수색로22가길 5_코스","경기도","고양시",4024,181,2.12,0.4,1.5,20,"easy"
"16","봉산~신동아빌라_코스","경기도","고양시",3892,181,2.29,0.4,1.2,20,"easy"
"17","봉산_코스","경기도","고양시",3809,181,2.2,0.3,1.3,20,"easy"
"18","봉산_코스","경기도","고양시",3828,181,2.23,0.4,1.2,20,"easy"
"19","봉산~증산체육공원_코스","경기도","고양시",3751,181,2.1,0.2,1.45,20,"easy"
"20","청계산(망경대)~이수봉_코스","경기도","과천시",1563,603,0.76,0.3,0.5,20,"easy"
"21","이수봉~청계산(망경대)_코스","경기도","의왕시",1563,603,0.96,0.3,0.3,20,"easy"
"22","불곡산~능원초등학교_코스","경기도","광주시",5540,318,3.14,0.7,1.7,20,"easy"
"23","청계산(망경대)~이수봉_코스","경기도","과천시",1563,603,0.76,0.3,0.5,20,"easy"
"24","이수봉~청계산(망경대)_코스","경기도","의왕시",1563,603,0.96,0.3,0.3,20,"easy"
"25","월문교사거리~큰명산_코스","경기도","남양주",5717,523,3.92,0.3,1.4,20,"easy"
"26","월문교사거리~제공안산_코스","경기도","남양주",5137,523,3.84,0.1,1.1,20,"easy"
"27","덕소등산로입구_코스","경기도","남양주",3594,257,2.4,0.79,0.4,20,"easy"
"28","망치봉~오금산정상부근_코스","경기도","의왕시",2415,180,1.72,0.3,0.4,21,"easy"
"29","오금산정상부근~장안말고개_코스","경기도","의왕시",3238,181,1.84,0.4,1,21,"easy"
"30","망치봉~광교산(범봉)_코스","경기도","의왕시",3503,234,2.2,0.9,0.4,21,"easy"
"31","오금산정상부근~장안말고개_코스","경기도","의왕시",3238,181,1.84,0.4,1,21,"easy"
"32","오금산정상부근~망치봉_코스","경기도","의왕시",2414,180,1.4,0.4,0.6,21,"easy"
"33","오금산정상부근~장안말고개_코스","경기도","의왕시",3238,181,1.84,0.4,1,21,"easy"
"34","망치봉~오금산정상부근_코스","경기도","의왕시",2414,180,1.71,0.3,0.4,21,"easy"
"35","망치봉~광교산(범봉)_코스","경기도","의왕시",3509,234,2.31,0.9,0.3,21,"easy"
"36","오금산정상부근~장안말고개_코스","경기도","의왕시",3238,181,1.84,0.4,1,21,"easy"
"37","불곡산~대지산_코스","경기도","광주시",2339,318,1.14,0.6,0.6,21,"easy"
"38","불곡산~용인공원_코스","경기도","광주시",5392,318,3.1,0.7,1.59,21,"easy"
"39","도정산_코스","경기도","의정부",5738,285,3.44,0.8,1.5,21,"easy"
"40","도정산_코스","경기도","의정부",2116,275,1.22,0.8,0.1,21,"easy"
"41","봉산~증산체육공원_코스","경기도","고양시",3676,181,2,0.3,1.38,21,"easy"
"42","봉산_코스","경기도","고양시",3302,181,2,0.2,1.1,21,"easy"
"43","구산근린공원_코스","경기도","고양시",3241,149,1.84,0.5,0.9,21,"easy"
"44","봉산~증산로1길 26_코스","경기도","고양시",4163,181,2.66,0.2,1.3,21,"easy"
"45","봉산_코스","경기도","고양시",3994,181,2.1,0.4,1.49,21,"easy"
"46","덕산중학교_코스","경기도","고양시",3103,149,1.8,0.5,0.8,21,"easy"
"47","봉산_코스","경기도","고양시",2514,149,1.3,0.4,0.8,21,"easy"
"48","봉산~수색로18나길_코스","경기도","고양시",3785,181,2.2,0.4,1.19,21,"easy"
"49","봉산_코스","경기도","고양시",3695,181,2.2,0.2,1.3,21,"easy"
"50","봉산~은평종합사회복지관_코스","경기도","고양시",3861,181,2.1,0.3,1.46,21,"easy"
"51","봉산~신동아빌라_코스","경기도","고양시",3944,181,2.34,0.3,1.3,21,"easy"
"52","봉산~녹원에버빌_코스","경기도","고양시",3815,181,2.3,0.4,1.1,21,"easy"
"53","봉산~수색로22길 23-6_코스","경기도","고양시",4031,181,2.23,0.4,1.4,21,"easy"
"54","봉산~환희정사_코스","경기도","고양시",2505,181,1.6,0.1,0.8,21,"easy"
"55","봉산~신동아빌라_코스","경기도","고양시",3721,181,2.22,0.3,1.2,21,"easy"
"56","지산공인중개사사무소~삼성산 중턱_코스","경기도","안양시",2538,99,1.84,0.3,0.4,21,"easy"
"57","삼성산 중턱~지산공인중개사사무소_코스","경기도","안양시",2539,99,1.74,0.4,0.4,21,"easy"
"58","아차산_코스","경기도","구리시",3417,300,2.42,0.3,0.7,21,"easy"
"59","아차산~삼봉사_코스","경기도","구리시",5657,300,3.86,0.6,1.2,21,"easy"
"60","아차산_코스","경기도","구리시",3417,300,2.32,0.7,0.4,21,"easy"
"61","이마트에브리데이~관산14동마을회관_코스","경기도","고양시",2469,128,1.17,0.7,0.6,21,"easy"
"62","관산14동마을회관~이마트에브리데이_코스","경기도","고양시",2469,128,1.3,0.6,0.57,21,"easy"
"63","북한산성계곡~발바닥바위_코스","경기도","고양시",5148,349,3.55,1.3,0.3,21,"easy"
"64","북한산성계곡~진관사계곡_코스","경기도","고양시",4041,134,3.54,0.4,0.1,21,"easy"
"65","덕소등산로입구_코스","경기도","남양주",5402,423,3.5,1.3,0.6,21,"easy"
"66","포도원민족교회기도원~모락산터널위_코스","경기도","의왕시",8694,363,4.99,1.7,2,22,"easy"
"67","포도원민족교회기도원~모락산터널위_코스","경기도","의왕시",8656,363,5.36,1.3,2,22,"easy"
"68","포도원민족교회기도원~모락산 약수터_코스","경기도","의왕시",9331,363,5.33,1.4,2.6,22,"easy"
"69","예수회수련원~광교산둘레길_코스","경기도","수원시",7949,268,4.65,1.2,2.1,22,"easy"
"70","모락산 약수터~포도원민족교회기도원_코스","경기도","의왕시",9331,363,5.4,2.13,1.7,22,"easy"
"71","성북중학교~광교산둘레길_코스","경기도","용인시",6983,408,3.78,1.7,1.5,22,"easy"
"72","모락산~백운사입구정류소_코스","경기도","의왕시",5493,363,3.59,0.8,1,22,"easy"
"73","응봉~광교산둘레길_코스","경기도","용인시",4955,265,2.76,0.6,1.6,22,"easy"
"74","홍천초등학교~광교산_코스","경기도","용인시",5379,543,2.38,2.6,0.4,22,"easy"
"75","오금산정상부근~수루레미다리_코스","경기도","의왕시",8004,334,4.1,2.1,1.8,22,"easy"
"76","모락산터널위~포도원민족교회기도원_코스","경기도","의왕시",8694,363,4.6,2.39,1.6,22,"easy"
"77","망치봉~백운산중턱_코스","경기도","의왕시",3880,234,2.4,0.9,0.58,22,"easy"
"78","오금산정상부근~수루레미다리_코스","경기도","의왕시",8004,334,4.1,2.1,1.8,22,"easy"
"79","모락산터널위~포도원민족교회기도원_코스","경기도","의왕시",8656,363,4.9,1.86,1.8,22,"easy"
"80","계원예술대학교본관~모락산산림욕장위_코스","경기도","의왕시",793,206,0.19,0.5,0.1,22,"easy"
"81","홍천초등학교~광교산_코스","경기도","용인시",5379,543,2.38,2.6,0.4,22,"easy"
"82","황금산_코스","경기도","남양주",1543,110,0.84,0.3,0.4,22,"easy"
"83","도정산_코스","경기도","의정부",5558,285,3.16,1,1.4,22,"easy"
"84","봉산~가온누리빌_코스","경기도","고양시",4613,182,2.6,0.7,1.3,22,"easy"
"85","증산로13가길 35_코스","경기도","고양시",1848,138,0.75,0.3,0.8,22,"easy"
"86","봉산~은평터널로9길 22_코스","경기도","고양시",2473,181,1.5,0.1,0.87,22,"easy"
"87","봉산~영진빌라_코스","경기도","고양시",3578,181,2,0.4,1.18,22,"easy"
"88","봉산~신사동 237-484_코스","경기도","고양시",2511,181,1.51,0.1,0.9,22,"easy"
"89","봉산~숭실고등학교_코스","경기도","고양시",2421,181,1.52,0.1,0.8,22,"easy"
"90","봉산~신사동 237-484_코스","경기도","고양시",2505,181,1.5,0.1,0.9,22,"easy"
"91","증산체육공원_코스","경기도","고양시",1929,138,0.93,0.3,0.7,22,"easy"
"92","봉산~숭실100주년기념관_코스","경기도","고양시",2377,181,1.5,0.1,0.78,22,"easy"
"93","삼성산국기대~서울대입구매표소출발점_코스","경기도","안양시",5203,441,3,0.1,2.1,22,"easy"
"94","율목영농조합법인~우면산_코스","경기도","과천시",4590,247,2.99,1.2,0.4,22,"easy"
"95","지산공인중개사사무소~함평한우촌_코스","경기도","안양시",1793,119,0.99,0.4,0.4,22,"easy"
"96","함평한우촌~지산공인중개사사무소_코스","경기도","안양시",1793,119,1,0.4,0.39,22,"easy"
"97","아차산~동의초등학교_코스","경기도","구리시",5424,300,3.12,0.4,1.9,22,"easy"
"98","아차산~현대빌라트_코스","경기도","구리시",5480,300,3.1,0.3,2.08,22,"easy"
"99","한다리마을 버스정류장~아차산_코스","경기도","구리시",5420,300,3.12,1.5,0.8,22,"easy"
"100","아차산~아차산 생태공원_코스","경기도","구리시",5425,300,3.03,0.4,2,22,"easy"
"101","아차산~동의초등학교_코스","경기도","구리시",5377,300,3.38,0.3,1.7,22,"easy"
"102","아차산~동의초등학교_코스","경기도","구리시",5360,300,3,0.46,1.9,22,"easy"
"103","아차산~아차산성 유원지_코스","경기도","구리시",5533,300,3.23,0.4,1.9,22,"easy"
"104","아차산~현대빌라트_코스","경기도","구리시",5506,300,3.2,0.4,1.9,22,"easy"
"105","아차산~동의초등학교_코스","경기도","구리시",5287,300,3,0.39,1.9,22,"easy"
"106","아차산~워커힐버스정류소_코스","경기도","구리시",5486,300,3.2,0.39,1.9,22,"easy"
"107","관산25통마을회관앞버스정류소~대자교회_코스","경기도","고양시",2881,151,1.78,0.5,0.6,22,"easy"
"108","대자교회~관산25통마을회관앞버스정류소_코스","경기도","고양시",2881,151,1.7,0.6,0.58,22,"easy"
"109","보현정사~관산25통마을회관앞버스정류소_코스","경기도","고양시",2661,151,1.6,0.4,0.66,22,"easy"
"110","관산25통마을회관앞버스정류소~대자동회전교차로_코스","경기도","고양시",1842,150,0.94,0.5,0.4,22,"easy"
"111","관산25통마을회관앞버스정류소~보현정사_코스","경기도","고양시",2661,151,1.56,0.5,0.6,22,"easy"
"112","대자동회전교차로~관산25통마을회관앞버스정류소_코스","경기도","고양시",1842,150,0.94,0.3,0.6,22,"easy"
"113","대우디오슈페리움~수리산_코스","경기도","군포시",5757,421,3.26,1.9,0.6,22,"easy"
"114","북한산성계곡~효자리계곡_코스","경기도","고양시",4684,179,3.6,0.6,0.4,22,"easy"
"115","북한산성계곡~향로봉_코스","경기도","고양시",5797,496,3.6,2,0.2,22,"easy"
"116","성주중학교정문~거마산_코스","경기도","부천시",2346,198,1.25,1,0.1,22,"easy"
"117","춘덕산복숭아과원~부천상록학교_코스","경기도","부천시",1912,116,1.2,0.3,0.4,22,"easy"
"118","황금산_코스","경기도","남양주",1657,110,0.8,0.5,0.36,22,"easy"
"119","월문교사거리~적갑산_코스","경기도","남양주",6826,542,4.73,1.2,0.8,22,"easy"
"120","덕소등산로입구~철문봉_코스","경기도","남양주",6745,650,4.1,2.3,0.3,22,"easy"
"121","예수회수련원~오금산정상부근_코스","경기도","수원시",8788,334,4.5,1.69,2.5,23,"easy"
"122","예수회수련원~광교산(범봉)_코스","경기도","수원시",4126,334,2.23,0.9,0.9,23,"easy"
"123","홍천고등학교~광교산(시루봉)_코스","경기도","용인시",6219,543,2.72,2.8,0.7,23,"easy"
"124","동천더샵이스트포레~광교산둘레길_코스","경기도","용인시",10130,408,5.08,2.83,2.12,23,"easy"
"125","오금산정상부근~예수회수련원_코스","경기도","의왕시",8788,334,4.59,2.2,2,23,"easy"
"126","예수회수련원~광교산(범봉)_코스","경기도","수원시",4126,334,2.23,0.9,0.9,23,"easy"
"127","오금산정상부근~문암골입구_코스","경기도","의왕시",13497,334,6.03,3.45,4.02,23,"easy"
"128","법통사~광교산_코스","경기도","용인시",5017,543,2.22,2.4,0.4,23,"easy"
"129","홍천고등학교~광교산둘레길_코스","경기도","용인시",10272,408,4.87,2.86,2.55,23,"easy"
"130","예수회수련원~오금산정상부근_코스","경기도","수원시",8788,334,4.5,1.69,2.5,23,"easy"
"131","옹달산중턱~1급분당종합정비사업_코스","경기도","성남시",7405,315,3.9,0.9,1.8,23,"easy"
"132","수지풍덕자동차운전전문학원~광교산_코스","경기도","용인시",5538,543,2.94,2.4,0.2,23,"easy"
"133","송죽교~광교산둘레길_코스","경기도","수원시",5908,205,3.3,1,1.4,23,"easy"
"134","옹달산중턱~안산_코스","경기도","성남시",4434,315,2.3,0.9,0.9,23,"easy"
"135","궁백교회~안산_코스","경기도","성남시",3912,300,1.4,1.6,0.5,23,"easy"
"136","홍천고등학교~백운산_코스","경기도","용인시",9515,545,4.72,3.3,1.4,23,"easy"
"137","늘푸른마을입구~백운산_코스","경기도","용인시",8141,545,3.94,3,1.2,23,"easy"
"138","지구촌교회~광교산(시루봉)_코스","경기도","용인시",6032,543,2.73,2.6,0.7,23,"easy"
"139","동천더샵이스트포레~광교산둘레길_코스","경기도","용인시",10286,408,4.78,2.86,2.55,23,"easy"
"140","동천더샵이스트포레~광교산(시루봉)_코스","경기도","용인시",6216,543,2.72,2.9,0.6,23,"easy"
"141","홍천고등학교~광교산(시루봉)_코스","경기도","용인시",6219,543,2.72,2.8,0.7,23,"easy"
"142","수지풍덕자동차운전전문학원~광교산_코스","경기도","용인시",5538,543,2.94,2.4,0.2,23,"easy"
"143","궁안마을버스정류소~안산_코스","경기도","성남시",3809,300,1.11,1.6,0.7,23,"easy"
"144","수지성당삼거리~광교산둘레길_코스","경기도","용인시",10387,408,5.13,2.88,2.27,23,"easy"
"145","망치봉~광교산 반딧불이화장실_코스","경기도","의왕시",10813,334,5.18,2.38,3.13,23,"easy"
"146","모락산산림욕장위~백운사입구정류소_코스","경기도","의왕시",6226,363,3.33,1.6,1.2,23,"easy"
"147","예수회수련원~백운산_코스","경기도","수원시",5313,545,2.91,1.9,0.4,23,"easy"
"148","지구촌교회~광교산(시루봉)_코스","경기도","용인시",6032,543,2.73,2.6,0.7,23,"easy"
"149","동천더샵이스트포레~광교산(시루봉)_코스","경기도","용인시",6216,543,2.72,2.9,0.6,23,"easy"
"150","법통사~광교산_코스","경기도","용인시",5017,543,2.22,2.4,0.4,23,"easy"
"151","옹달산중턱~문래산_코스","경기도","성남시",5837,315,3.34,0.9,1,23,"easy"
"152","송죽교~광교산 반딧불이화장실_코스","경기도","수원시",3877,205,2.38,0.6,0.8,23,"easy"
"153","망치봉~광교산둘레길_코스","경기도","의왕시",12850,334,5.17,3.46,4.22,23,"easy"
"154","궁백교회~문래산_코스","경기도","성남시",5314,300,2.4,1.6,0.6,23,"easy"
"155","동천더샵이스트포레~광교산(시루봉)_코스","경기도","용인시",6061,543,2.66,2.7,0.7,23,"easy"
"156","오금산정상부근~예수회수련원_코스","경기도","의왕시",8788,334,4.59,2.2,2,23,"easy"
"157","예수회수련원~백운산중턱_코스","경기도","수원시",4088,334,2.1,0.8,1.09,23,"easy"
"158","궁안마을버스정류소~문래산_코스","경기도","성남시",5156,300,2.46,1.5,0.7,23,"easy"
"159","야쿠르트입구교차로~광교산둘레길_코스","경기도","의왕시",10490,334,5.19,2.29,2.81,23,"easy"
"160","예수회수련원~광교산 반딧불이화장실_코스","경기도","수원시",5951,268,2.95,1.1,1.9,23,"easy"
"161","오금산정상부근~문암골입구_코스","경기도","의왕시",13461,334,5.76,3.55,4.15,23,"easy"
"162","현진에버빌 시네하우스삼거리 버스정류장~대지산_코스","경기도","성남시",4574,319,2.27,1.7,0.6,23,"easy"
"163","이마트 버스정류장~대지산_코스","경기도","성남시",3624,316,1.72,1.5,0.4,23,"easy"
"164","불곡산~오양리양촌마을회관_코스","경기도","광주시",4701,318,2.4,0.7,1.6,23,"easy"
"165","한일인텔빌라~대지산_코스","경기도","성남시",4945,319,2.35,1.9,0.7,23,"easy"
"166","황금산_코스","경기도","남양주",1942,85,1.34,0.3,0.3,23,"easy"
"167","송산배수지테니스장~용현사_코스","경기도","의정부",1416,159,0.62,0.3,0.5,23,"easy"
"168","용현사~송산배수지테니스장_코스","경기도","의정부",1416,159,0.72,0.4,0.3,23,"easy"
"169","송산배수지테니스장~e편한세상추동공원_코스","경기도","의정부",1934,156,0.93,0.3,0.7,23,"easy"
"170","송산배수지테니스장~의정부초등학교 버스정류장_코스","경기도","의정부",2536,156,1.2,0.4,0.94,23,"easy"
"171","원미산산림욕장~부천상록학교_코스","경기도","부천시",2215,148,1.12,0.5,0.6,23,"easy"
"172","부천상록학교~원미산산림욕장_코스","경기도","부천시",2215,148,0.92,0.7,0.6,23,"easy"
"173","도정산~푸른물빛근린공원_코스","경기도","의정부",9836,301,5.44,2.2,2.2,23,"easy"
"174","도정산~코스트코코리아 의정부점_코스","경기도","의정부",6799,301,3.8,1.3,1.7,23,"easy"
"175","도정산~코스트코코리아 의정부점_코스","경기도","의정부",6619,301,3.62,1.4,1.6,23,"easy"
"176","도정산~푸른물빛근린공원_코스","경기도","의정부",9655,301,5.66,1.9,2.1,23,"easy"
"177","도정산~비루봉_코스","경기도","의정부",6869,301,3.97,1.3,1.6,23,"easy"
"178","증산체육공원_코스","경기도","고양시",1852,138,0.75,0.3,0.8,23,"easy"
"179","봉산~서울구산초등학교_코스","경기도","고양시",5258,184,2.66,1.1,1.5,23,"easy"
"180","봉산~남경하이츠빌라_코스","경기도","고양시",4592,182,2.59,0.9,1.1,23,"easy"
"181","봉산~은평중학교_코스","경기도","고양시",4648,182,2.75,0.8,1.1,23,"easy"
"182","관악산(연주대)~국기대(육봉)_코스","경기도","과천시",1883,606,0.68,0.3,0.9,23,"easy"
"183","국기대(육봉)~관악산(연주대)_코스","경기도","안양시",1883,606,0.88,0.8,0.2,23,"easy"
"184","관악산(연주대)~국기대(육봉)_코스","경기도","과천시",1883,606,0.68,0.3,0.9,23,"easy"
"185","국기대(육봉)~관악산(연주대)_코스","경기도","안양시",1883,606,0.88,0.8,0.2,23,"easy"
"186","지산공인중개사사무소~길현천_코스","경기도","안양시",10289,448,6.01,2.14,2.14,23,"easy"
"187","길현천~지산공인중개사사무소_코스","경기도","안양시",10289,448,5.92,2.14,2.23,23,"easy"
"188","관악산(연주대)~국기대(육봉)_코스","경기도","과천시",1883,606,0.68,0.3,0.9,23,"easy"
"189","맑은샘학교~우면산_코스","경기도","과천시",4533,247,3.23,1,0.3,23,"easy"
"190","관악산(연주대)~국기대(육봉)_코스","경기도","과천시",1883,606,0.68,0.3,0.9,23,"easy"
"191","국기대(육봉)~관악산(연주대)_코스","경기도","안양시",1883,606,0.88,0.8,0.2,23,"easy"
"192","지산공인중개사사무소~국기대(깃대봉)_코스","경기도","안양시",4230,411,1.83,2.3,0.1,23,"easy"
"193","지산공인중개사사무소~국기대(깃대봉)_코스","경기도","안양시",4230,411,1.83,2.3,0.1,23,"easy"
"194","국기대(육봉)~관악산(연주대)_코스","경기도","안양시",1883,606,0.88,0.8,0.2,23,"easy"
"195","정각사입구 버스정류장~아차산_코스","경기도","구리시",5498,300,3.4,1.4,0.7,23,"easy"
"196","정각사입구 버스정류장~아차산 생태공원_코스","경기도","구리시",7510,300,4,1.5,2,23,"easy"
"197","아차산~현대빌라트_코스","경기도","구리시",5481,300,3.1,0.3,2.08,23,"easy"
"198","아차산~정각사입구 버스정류장_코스","경기도","구리시",5498,300,3.1,0.6,1.8,23,"easy"
"199","한다리마을 버스정류장~아차산성 유원지_코스","경기도","구리시",7541,300,3.94,1.6,2,23,"easy"
"200","용마봉~용마산역 코오롱하늘채_코스","경기도","구리시",4068,310,2.37,0.3,1.4,23,"easy"
"201","아차산~광진구육상연합회_코스","경기도","구리시",5219,300,3.12,0.3,1.8,23,"easy"
"202","한다리마을 버스정류장~아차산 생태공원_코스","경기도","구리시",7433,300,3.73,1.6,2.1,23,"easy"
"203","아차산~홍우그린빌라_코스","경기도","구리시",5023,300,2.92,0.3,1.8,23,"easy"
"204","아차산~동의초등학교_코스","경기도","구리시",5183,300,3.08,0.3,1.8,23,"easy"
"205","관문초등학교~청계산입구역_코스","경기도","과천시",6822,392,3,1.4,2.2,23,"easy"
"206","과천센트럴파크푸르지오써밋~청계산입구역_코스","경기도","과천시",8249,392,3.9,1.8,2.4,23,"easy"
"207","관산14동마을회관~약사사입구_코스","경기도","고양시",2882,130,1.58,0.6,0.7,23,"easy"
"208","광암정수장 버스정류장~청량산_코스","경기도","하남시",5491,481,2.79,2.4,0.3,23,"easy"
"209","북한산성계곡~구기터널통제소출발점 매표소_코스","경기도","고양시",7411,377,4.2,1.8,1.4,23,"easy"
"210","오금상촌공원~효자동산막골버스정유소_코스","경기도","고양시",1307,152,0.7,0.3,0.3,23,"easy"
"211","효자동산막골버스정유소~오금상촌공원_코스","경기도","고양시",1307,152,0.7,0.3,0.3,23,"easy"
"212","북한산성계곡~치마바위_코스","경기도","고양시",5112,389,3.3,1.5,0.3,23,"easy"
"213","북한산성계곡~응봉_코스","경기도","고양시",4563,302,3.16,1.1,0.3,23,"easy"
"214","북한산성계곡~상장봉_코스","경기도","고양시",6028,482,3.63,1.7,0.6,23,"easy"
"215","소사잔디구장입구~성주산_코스","경기도","시흥시",2955,198,1.56,1,0.4,23,"easy"
"216","성주산~소사잔디구장입구_코스","경기도","부천시",2955,198,1.56,0.4,1,23,"easy"
"217","소사잔디구장입구~소래산_코스","경기도","시흥시",5281,266,2.88,1.6,0.8,23,"easy"
"218","가학산~안서초등학교입구_코스","경기도","광명시",3423,198,1.72,0.3,1.4,23,"easy"
"219","안서초등학교입구~가학산_코스","경기도","광명시",3423,198,1.62,1.3,0.5,23,"easy"
"220","구름산입구~가리대_코스","경기도","광명시",2526,151,1.23,0.6,0.7,23,"easy"
"221","가학산~노리실낚시터_코스","경기도","광명시",2942,198,1.44,0.3,1.2,23,"easy"
"222","가리대~구름산_코스","경기도","광명시",1867,149,0.7,0.5,0.67,23,"easy"
"223","가리대~구름산입구_코스","경기도","광명시",2526,151,1.13,0.6,0.8,23,"easy"
"224","구름산~가리대_코스","경기도","광명시",1867,149,0.8,0.5,0.57,23,"easy"
"225","노리실낚시터~가학산_코스","경기도","광명시",2942,198,1.94,0.8,0.2,23,"easy"
"226","황금산_코스","경기도","남양주",2059,110,1.06,0.5,0.5,23,"easy"
"227","e편한세상추동공원~송산배수지테니스장_코스","경기도","의정부",1934,156,1.23,0.5,0.2,23,"easy"
"228","의정부초등학교 버스정류장~송산배수지테니스장_코스","경기도","의정부",2536,156,1.64,0.7,0.2,23,"easy"
"229","지구촌교회~광교산둘레길_코스","경기도","용인시",10102,408,4.95,2.73,2.32,23,"easy"
"230","동천더샵이스트포레~광교산(시루봉)_코스","경기도","용인시",6061,543,2.66,2.7,0.7,23,"easy"
"231","모락산터널위~모락산 약수터_코스","경기도","의왕시",936,184,0.24,0.1,0.6,24,"easy"
"232","오금산정상부근~홍천초등학교_코스","경기도","의왕시",15481,544,4.31,5.08,6.09,24,"easy"
"233","오금산정상부근~백운사입구정류소_코스","경기도","의왕시",10410,564,4.99,3.22,2.08,24,"easy"
"234","응달산~문래산_코스","경기도","성남시",5680,315,3.1,1,1.18,24,"easy"
"235","용인동천동우체국~발화산(우담산)_코스","경기도","용인시",11005,451,6.16,3.19,1.65,24,"easy"
"236","오금산정상부근~주안말사거리_코스","경기도","의왕시",11567,334,4.44,2.88,4.14,24,"easy"
"237","오금산정상부근~광교저수지둘레길_코스","경기도","의왕시",10804,334,4.75,2.92,3.13,24,"easy"
"238","동천더샵이스트포레~광교산(범봉)_코스","경기도","용인시",11291,544,3.9,3.7,3.7,24,"easy"
"239","오금산정상부근~홍천초등학교_코스","경기도","의왕시",15481,544,4.31,5.08,6.09,24,"easy"
"240","오금산정상부근~광교저수지위_코스","경기도","의왕시",10619,334,4.56,2.54,3.39,24,"easy"
"241","오금산정상부근~백운사입구정류소_코스","경기도","의왕시",10415,564,4.78,3.43,2.08,24,"easy"
"242","오금산정상부근~백운산중턱_코스","경기도","의왕시",5033,234,2.43,1.3,1.3,24,"easy"
"243","주안말사거리~성지바위산_코스","경기도","수원시",10415,346,4.8,3.33,2.29,24,"easy"
"244","오금산정상부근~광교저수지_코스","경기도","의왕시",11949,334,5.71,2.91,3.09,24,"easy"
"245","오금산정상부근~동천더샵이스트포레_코스","경기도","의왕시",15954,544,4.19,5.57,6.2,24,"easy"
"246","예수회수련원~광교산(범봉)_코스","경기도","수원시",4124,334,2.12,0.9,1,24,"easy"
"247","1급분당종합정비사업~응달산_코스","경기도","성남시",7255,315,4.46,1.5,0.8,24,"easy"
"248","삼성쉐르빌~광교산_코스","경기도","용인시",5752,543,2.45,2.7,0.6,24,"easy"
"249","오금산정상부근~광교산(범봉)_코스","경기도","의왕시",4661,234,2.26,1.3,1.1,24,"easy"
"250","동천더샵이스트포레~광교산(범봉)_코스","경기도","용인시",11136,544,4.14,3.66,3.33,24,"easy"
"251","늘푸른마을입구~광교산둘레길_코스","경기도","용인시",8930,408,4.23,2.5,2.1,24,"easy"
"252","모락산터널위~백운사입구정류소_코스","경기도","의왕시",7051,363,3.65,1.7,1.5,24,"easy"
"253","성복천~광교산(시루봉)_코스","경기도","용인시",6130,543,2.53,2.8,0.8,24,"easy"
"254","오금산정상부근~주안말사거리_코스","경기도","의왕시",11567,334,4.44,2.88,4.14,24,"easy"
"255","바라산~수지성모요양원입구_코스","경기도","의왕시",12327,451,5.54,3.57,3.2,24,"easy"
"256","오금산정상부근~광교공원_코스","경기도","의왕시",11437,334,4.83,2.96,3.65,24,"easy"
"257","토월약수터위~광교산(시루봉)_코스","경기도","용인시",5287,543,1.99,2.6,0.7,24,"easy"
"258","동천더샵이스트포레~광교산(범봉)_코스","경기도","용인시",11291,544,3.9,3.7,3.7,24,"easy"
"259","홍천초등학교~오금산정상부근_코스","경기도","용인시",15481,544,5.54,5.01,4.93,24,"easy"
"260","응달산~안산_코스","경기도","성남시",4277,315,2.08,1,1.1,24,"easy"
"261","오금산정상부근~광교산둘레길_코스","경기도","의왕시",14003,334,4.76,4.62,4.62,24,"easy"
"262","주안말사거리~오금산정상부근_코스","경기도","수원시",11567,334,5.06,3.29,3.22,24,"easy"
"263","바라산~용인동천동우체국_코스","경기도","의왕시",13089,451,6.37,3.77,2.95,24,"easy"
"264","홍천초등학교~광교산(범봉)_코스","경기도","용인시",10459,544,4.22,3.12,3.12,24,"easy"
"265","홍천초등학교~백운산중턱_코스","경기도","용인시",10420,544,4.06,3.12,3.22,24,"easy"
"266","용인동천동우체국~안산_코스","경기도","용인시",18735,451,7.29,5.98,5.42,24,"easy"
"267","오금산정상부근~예수회수련원_코스","경기도","의왕시",8787,334,4.5,2.29,2,24,"easy"
"268","늘푸른마을입구~광교산_코스","경기도","용인시",4856,543,2.06,2.5,0.3,24,"easy"
"269","용인동천동우체국~문래산_코스","경기도","용인시",20137,451,8.08,5.23,6.43,24,"easy"
"270","오금산정상부근~광교산(범봉)_코스","경기도","의왕시",4657,234,2.26,1.3,1.1,24,"easy"
"271","홍천고등학교~오금산정상부근_코스","경기도","용인시",15939,544,4.33,5.57,6.04,24,"easy"
"272","망치봉~광교산(시루봉)_코스","경기도","의왕시",8604,544,4.5,3.2,0.9,24,"easy"
"273","주안말사거리~광교산(범봉)_코스","경기도","수원시",6905,334,3.7,1.8,1.4,24,"easy"
"274","동천더샵이스트포레~오금산정상부근_코스","경기도","용인시",15797,544,4.24,5.75,5.81,24,"easy"
"275","오금산정상부근~야쿠르트입구교차로_코스","경기도","의왕시",6343,234,3.14,1.3,1.9,24,"easy"
"276","오금산정상부근~광교산둘레길_코스","경기도","의왕시",14000,334,4.48,4.76,4.76,24,"easy"
"277","용인동천동우체국~응달산_코스","경기도","용인시",14450,451,5.81,4.46,4.18,24,"easy"
"278","오금산정상부근~광교산(범봉)_코스","경기도","의왕시",4661,234,2.26,1.3,1.1,24,"easy"
"279","용인동천동우체국~발화산(우담산)_코스","경기도","용인시",11005,451,6.16,3.19,1.65,24,"easy"
"280","늘푸른마을입구~광교산(범봉)_코스","경기도","용인시",11143,544,4.37,3.33,3.44,24,"easy"
"281","예수회수련원~오금산정상부근_코스","경기도","수원시",8787,334,4.5,1.69,2.5,24,"easy"
"282","오금산정상부근~동천더샵이스트포레_코스","경기도","의왕시",15798,544,4.87,5.02,5.91,24,"easy"
"283","오금산정상부근~광교산 반딧불이화장실_코스","경기도","의왕시",11951,334,5.29,2.98,3.57,24,"easy"
"284","동천더샵이스트포레~오금산정상부근_코스","경기도","용인시",15953,544,4.51,5.88,5.57,24,"easy"
"285","야쿠르트입구교차로~오금산정상부근_코스","경기도","의왕시",6343,234,3.04,1.7,1.6,24,"easy"
"286","동천더샵이스트포레~오금산정상부근_코스","경기도","용인시",15798,544,4.08,5.91,5.81,24,"easy"
"287","영심봉~문래산_코스","경기도","의왕시",7908,376,3.4,1.4,2.4,24,"easy"
"288","동천더샵이스트포레~오금산정상부근_코스","경기도","용인시",15954,544,4.35,5.88,5.72,24,"easy"
"289","용인동천동우체국~바라산_코스","경기도","용인시",13089,451,5.59,3.64,3.86,24,"easy"
"290","오금산정상부근~광교저수지위_코스","경기도","의왕시",10618,334,4.56,2.54,3.39,24,"easy"
"291","오금산정상부근~이진봉_코스","경기도","의왕시",8768,334,3.97,2.4,2.4,24,"easy"
"292","영심봉~안산_코스","경기도","의왕시",6506,376,2.41,1.4,2.3,24,"easy"
"293","오금산정상부근~광교저수지_코스","경기도","의왕시",13538,334,5.57,3.92,4.05,24,"easy"
"294","오금산정상부근~늘푸른마을입구_코스","경기도","의왕시",15805,544,5.53,4.42,5.85,24,"easy"
"295","오금산정상부근~예수회수련원_코스","경기도","의왕시",8790,334,4.59,2.3,1.9,24,"easy"
"296","야쿠르트입구교차로~오금산정상부근_코스","경기도","의왕시",6343,234,3.04,1.7,1.6,24,"easy"
"297","토월약수터위~광교산둘레길_코스","경기도","용인시",9357,408,4.06,2.7,2.6,24,"easy"
"298","홍천초등학교~광교산둘레길_코스","경기도","용인시",9539,408,4.64,2.5,2.3,24,"easy"
"299","응달산~용인동천동우체국_코스","경기도","성남시",14450,451,6.39,3.6,4.46,24,"easy"
"300","모락산 약수터~모락산터널위_코스","경기도","의왕시",906,184,0.3,0.5,0.1,24,"easy"
"301","오금산정상부근~야쿠르트입구교차로_코스","경기도","의왕시",6343,234,3.14,1.3,1.9,24,"easy"
"302","오금산정상부근~광교산(범봉)_코스","경기도","의왕시",4661,234,2.26,1.3,1.1,24,"easy"
"303","모락산터널위~모락산 약수터_코스","경기도","의왕시",906,184,0.2,0.1,0.6,24,"easy"
"304","성복천~광교산둘레길_코스","경기도","용인시",10227,408,4.52,3.06,2.55,24,"easy"
"305","오금산정상부근~광교저수지둘레길_코스","경기도","의왕시",11408,334,4.67,3.08,3.65,24,"easy"
"306","수지성당삼거리~광교산(시루봉)_코스","경기도","용인시",6278,543,2.98,2.7,0.6,24,"easy"
"307","야쿠르트입구교차로~광교산 반딧불이화장실_코스","경기도","의왕시",8464,334,4.46,1.8,2.1,24,"easy"
"308","응달산~1급분당종합정비사업_코스","경기도","성남시",7255,315,3.76,1,2.1,24,"easy"
"309","늘푸른마을입구~광교산_코스","경기도","용인시",4856,543,2.06,2.5,0.3,24,"easy"
"310","홍천고등학교~광교산(범봉)_코스","경기도","용인시",11277,544,4.11,3.7,3.47,24,"easy"
"311","예수회수련원~광교산(범봉)_코스","경기도","수원시",4124,334,2.12,0.9,1,24,"easy"
"312","오금산정상부근~동천더샵이스트포레_코스","경기도","의왕시",15797,544,5.18,4.87,5.75,24,"easy"
"313","늘푸른마을입구~광교산(범봉)_코스","경기도","용인시",11143,544,4.37,3.33,3.44,24,"easy"
"314","오금산정상부근~광교저수지_코스","경기도","의왕시",11949,334,5.71,2.91,3.09,24,"easy"
"315","홍천초등학교~광교산(범봉)_코스","경기도","용인시",10459,544,4.22,3.12,3.12,24,"easy"
"316","주안말사거리~오금산정상부근_코스","경기도","수원시",11567,334,5.06,3.29,3.22,24,"easy"
"317","모락산 약수터~모락산터널위_코스","경기도","의왕시",936,184,0.34,0.5,0.1,24,"easy"
"318","오금산정상부근~백운산중턱_코스","경기도","의왕시",5033,234,2.43,1.3,1.3,24,"easy"
"319","모락산 약수터~백운사입구정류소_코스","경기도","의왕시",7680,363,3.98,2.3,1.3,24,"easy"
"320","망치봉~광교산(시루봉)_코스","경기도","의왕시",8605,544,4.6,3.2,0.8,24,"easy"
"321","오금산정상부근~동천더샵이스트포레_코스","경기도","의왕시",15953,544,4.19,5.57,6.2,24,"easy"
"322","토월약수터위~광교산(시루봉)_코스","경기도","용인시",5287,543,1.99,2.6,0.7,24,"easy"
"323","동천더샵이스트포레~광교산(범봉)_코스","경기도","용인시",11136,544,4.14,3.66,3.33,24,"easy"
"324","우방도무스빌라~대지산_코스","경기도","성남시",2987,316,1.3,1.29,0.4,24,"easy"
"325","도촌파출소~요골산_코스","경기도","성남시",4758,342,2.26,1.7,0.8,24,"easy"
"326","고불산~도촌파출소_코스","경기도","광주시",3255,322,1.56,0.2,1.5,24,"easy"
"327","도촌파출소~고불산_코스","경기도","성남시",3255,322,1.86,1.2,0.2,24,"easy"
"328","요골산~도촌파출소_코스","경기도","광주시",4758,342,1.96,0.6,2.2,24,"easy"
"329","요골산~고불산_코스","경기도","광주시",1502,342,0.5,0.4,0.6,24,"easy"
"330","고불산~요골산_코스","경기도","광주시",1502,342,0.4,0.6,0.5,24,"easy"
"331","불암산(석장봉)~원자력입구교차로_코스","경기도","남양주",4773,447,2.17,0.3,2.3,24,"easy"
"332","가학산~약수터입구_코스","경기도","광명시",2519,198,1.22,0.3,1,24,"easy"
"333","황금산_코스","경기도","남양주",896,90,0.3,0.3,0.3,24,"easy"
"334","황금산_코스","경기도","남양주",1337,60,0.94,0.1,0.3,24,"easy"
"335","황금산_코스","경기도","남양주",855,90,0.26,0.2,0.4,24,"easy"
"336","황금산_코스","경기도","남양주",1893,63,1.29,0.2,0.4,24,"easy"
"337","황금산_코스","경기도","남양주",1482,93,1,0.2,0.28,24,"easy"
"338","황금산_코스","경기도","남양주",1826,85,1.13,0.3,0.4,24,"easy"
"339","황금산_코스","경기도","남양주",1482,93,0.78,0.4,0.3,24,"easy"
"340","송산배수지테니스장~의정부초등학교 버스정류장_코스","경기도","의정부",2615,156,1.42,0.3,0.9,24,"easy"
"341","삼호빌딩~송산배수지테니스장_코스","경기도","의정부",2542,156,1.54,0.8,0.2,24,"easy"
"342","의정부초등학교 버스정류장~송산배수지테니스장_코스","경기도","의정부",2615,156,1.62,0.7,0.3,24,"easy"
"343","소사동주민센터입구 부천성모병원후문 버스정류장~원미산산림욕장_코스","경기도","부천시",1193,116,0.4,0.4,0.39,24,"easy"
"344","부천동초교앞교차로~원미산산림욕장_코스","경기도","부천시",1702,116,0.9,0.4,0.4,24,"easy"
"345","춘덕산복숭아과원~부천동초교앞교차로_코스","경기도","부천시",2564,148,1.36,0.5,0.7,24,"easy"
"346","원미산산림욕장~부천동초교앞교차로_코스","경기도","부천시",1702,116,0.8,0.3,0.6,24,"easy"
"347","도정산~세석마을회관_코스","경기도","의정부",3637,278,1.94,0.7,1,24,"easy"
"348","갈립산(빡빡산)~천보산_코스","경기도","의정부",14024,388,5.9,4.34,3.78,24,"easy"
"349","농협의정부 영농종합센타~산속 _코스","경기도","의정부",1942,124,1.24,0.5,0.2,24,"easy"
"350","갈립산(빡빡산)~천보산_코스","경기도","의정부",11402,360,5.24,2.85,3.31,24,"easy"
"351","도정산~비루봉_코스","경기도","의정부",6689,301,3.7,1.49,1.5,24,"easy"
"352","봉산~신사동 237-484_코스","경기도","고양시",2105,181,1.2,0.1,0.8,24,"easy"
"353","국기대(팔봉)~관악산(연주대)_코스","경기도","안양시",1414,606,0.51,0.7,0.2,24,"easy"
"354","국기대(팔봉)~관악산(연주대)_코스","경기도","안양시",1430,606,0.6,0.6,0.23,24,"easy"
"355","삼성산국기대~장군봉_코스","경기도","안양시",2270,441,0.97,0.5,0.8,24,"easy"
"356","관악산(연주대)~길현천_코스","경기도","과천시",5862,606,2.76,0.4,2.7,24,"easy"
"357","관악산(연주대)~국기대(팔봉)_코스","경기도","과천시",1430,606,0.5,0.2,0.7,24,"easy"
"358","길현천~관악산(연주대)_코스","경기도","안양시",5862,606,2.8,2.7,0.36,24,"easy"
"359","국기대(팔봉)~관악산(연주대)_코스","경기도","안양시",1430,606,0.6,0.6,0.23,24,"easy"
"360","관악산(연주대)~국기대(팔봉)_코스","경기도","과천시",1430,606,0.5,0.2,0.7,24,"easy"
"361","관악산(연주대)~길현천_코스","경기도","과천시",5862,606,2.76,0.4,2.7,24,"easy"
"362","길현천~관악산(연주대)_코스","경기도","안양시",5862,606,2.8,2.7,0.36,24,"easy"
"363","관악산(연주대)~국기대(팔봉)_코스","경기도","과천시",1430,606,0.5,0.2,0.7,24,"easy"
"364","지산공인중개사사무소~서울대입구매표소출발점_코스","경기도","안양시",8251,412,3.85,2.3,2.1,24,"easy"
"365","국기대(팔봉)~관악산(연주대)_코스","경기도","안양시",1430,606,0.6,0.6,0.23,24,"easy"
"366","관악산(연주대)~국기대(팔봉)_코스","경기도","과천시",1414,606,0.5,0.2,0.7,24,"easy"
"367","남태령예길중턱~우면산_코스","경기도","과천시",3045,247,2.05,0.8,0.2,24,"easy"
"368","한다리마을 버스정류장~용마산역 코오롱하늘채_코스","경기도","구리시",6184,310,3.38,1.4,1.4,24,"easy"
"369","아차산~아치울마을 버스정류장_코스","경기도","구리시",3669,300,2.17,0.3,1.2,24,"easy"
"370","정각사입구 버스정류장~용마산역 코오롱하늘채_코스","경기도","구리시",6171,317,2.87,1.7,1.6,24,"easy"
"371","정각사입구 버스정류장~아차산성 유원지_코스","경기도","구리시",7714,300,4.31,1.5,1.9,24,"easy"
"372","아차산~용마봉_코스","경기도","구리시",1414,317,0.61,0.5,0.3,24,"easy"
"373","아치울마을 버스정류장~아차산 생태공원_코스","경기도","구리시",5681,300,3.08,1,1.6,24,"easy"
"374","아치울마을 버스정류장~아차산_코스","경기도","구리시",3669,300,2.47,1,0.2,24,"easy"
"375","청계산(망경대)~청계산옛골 마을버스정류장_코스","경기도","과천시",4770,603,1.6,0.3,2.87,24,"easy"
"376","청계산(망경대)~발도르프학교 마을버스정류장_코스","경기도","과천시",4983,603,2.5,0.2,2.28,24,"easy"
"377","청계산(망경대)~청계산옛골 마을버스정류장_코스","경기도","과천시",4799,603,1.6,0.3,2.9,24,"easy"
"378","다람쥐광장~청계산입구역_코스","경기도","과천시",8118,392,3.8,1.5,2.6,24,"easy"
"379","관문초등학교~청계산(망경대)_코스","경기도","과천시",6284,597,3,2.4,0.88,24,"easy"
"380","청계4통경로당~청계산(망경대)_코스","경기도","의왕시",4924,603,2.52,2.1,0.2,24,"easy"
"381","청계산옛골 마을버스정류장~청계산(망경대)_코스","경기도","성남시",4804,603,1.9,2.6,0.3,24,"easy"
"382","청계산(망경대)~인덕원역 1번출구_코스","경기도","과천시",8285,603,3.99,0.9,3.4,24,"easy"
"383","청계산옛골 마을버스정류장~청계산(망경대)_코스","경기도","성남시",4799,603,2,2.5,0.3,24,"easy"
"384","청계산옛골 마을버스정류장~청계산(망경대)_코스","경기도","성남시",4770,603,1.8,2.5,0.47,24,"easy"
"385","청계산(망경대)~청계4통경로당_코스","경기도","과천시",4924,603,2.52,0.2,2.2,24,"easy"
"386","청계산옛골 마을버스정류장~청계4통경로당_코스","경기도","성남시",7536,552,3.74,2,1.8,24,"easy"
"387","금토산~방범초소앞버스정류장_코스","경기도","성남시",1687,185,0.39,0.3,1,24,"easy"
"388","청계산옛골 마을버스정류장~발도르프학교 마을버스정류장_코스","경기도","성남시",7609,552,3.6,2,1.9,24,"easy"
"389","과천센트럴파크푸르지오써밋~청계산기도원_코스","경기도","과천시",7590,412,4.1,1.8,1.69,24,"easy"
"390","국사봉~청계산(망경대)_코스","경기도","성남시",2797,603,1.3,0.7,0.8,24,"easy"
"391","인덕원역 1번출구~청계산(망경대)_코스","경기도","안양시",8285,603,3.9,3.2,1.19,24,"easy"
"392","청계산옛골 마을버스정류장~발도르프학교 마을버스정류장_코스","경기도","성남시",7642,552,3.24,2.3,2,24,"easy"
"393","청계4통경로당~청계산옛골 마을버스정류장_코스","경기도","의왕시",7569,552,3.17,1.9,2.4,24,"easy"
"394","청계산(망경대)~청계산옛골 마을버스정류장_코스","경기도","과천시",4804,603,1.7,0.3,2.8,24,"easy"
"395","청계산옛골 마을버스정류장~청계4통경로당_코스","경기도","성남시",7569,552,3.27,2.3,1.9,24,"easy"
"396","발도르프학교 마을버스정류장~청계산(망경대)_코스","경기도","의왕시",4983,603,2.5,2.2,0.18,24,"easy"
"397","청계산(망경대)~청계산옛골 마을버스정류장_코스","경기도","과천시",4770,603,1.6,0.3,2.87,24,"easy"
"398","방범초소앞버스정류장~금토산_코스","경기도","성남시",1687,185,0.49,0.9,0.3,24,"easy"
"399","발도르프학교 마을버스정류장~청계산옛골 마을버스정류장_코스","경기도","의왕시",7609,552,3.4,2,2.1,24,"easy"
"400","청계4통경로당~청계산옛골 마을버스정류장_코스","경기도","의왕시",7536,552,3.24,1.9,2.3,24,"easy"
"401","청계산(망경대)~인덕원역 1번출구_코스","경기도","과천시",8285,603,3.99,0.9,3.4,24,"easy"
"402","발도르프학교 마을버스정류장~청계산옛골 마을버스정류장_코스","경기도","의왕시",7642,552,3.34,1.9,2.3,24,"easy"
"403","의정부시환경센터~산속 _코스","경기도","의정부",5382,210,2.38,1.5,1.5,24,"easy"
"404","농협의정부 영농종합센타~산속 _코스","경기도","의정부",1814,124,1.11,0.4,0.3,24,"easy"
"405","비발디공원 죽전야외음악당~법화산_코스","경기도","용인시",3809,364,2,1.6,0.2,24,"easy"
"406","관산25통마을회관앞버스정류소~어수정낙시터_코스","경기도","고양시",2133,150,1.03,0.5,0.6,24,"easy"
"407","어수정낙시터~관산25통마을회관앞버스정류소_코스","경기도","고양시",2133,150,0.93,0.6,0.6,24,"easy"
"408","광암정수장 버스정류장~남한산(서봉)_코스","경기도","하남시",6992,489,2.99,3.1,0.9,24,"easy"
"409","대우디오슈페리움~너구리산_코스","경기도","군포시",8502,421,3.7,2.5,2.3,24,"easy"
"410","북한산성계곡~발바닥바위_코스","경기도","고양시",5746,345,3.6,1.3,0.85,24,"easy"
"411","북한산성계곡~비법정탐방로_코스","경기도","고양시",7416,377,3.9,1.8,1.7,24,"easy"
"412","북한산성계곡~족두리봉_코스","경기도","고양시",7483,491,4,2,1.48,24,"easy"
"413","북한산성계곡~구기터널통제소출발점_코스","경기도","고양시",7553,377,4,1.8,1.75,24,"easy"
"414","시흥IC~소래산_코스","경기도","시흥시",5470,266,2.67,1.8,1,24,"easy"
"415","성주산~성우농원_코스","경기도","부천시",3105,198,1.5,0.4,1.2,24,"easy"
"416","펄벅기념관~소래산_코스","경기도","부천시",2993,266,1.39,1.2,0.4,24,"easy"
"417","시흥IC~성주산_코스","경기도","시흥시",3106,198,1.51,1.1,0.5,24,"easy"
"418","성주산~시흥IC_코스","경기도","부천시",3106,198,1.5,0.4,1.2,24,"easy"
"419","성주산~소래산_코스","경기도","부천시",2603,266,1.1,0.8,0.7,24,"easy"
"420","성우농원~소래산_코스","경기도","시흥시",5470,266,2.77,1.8,0.9,24,"easy"
"421","왕궁빌라~거마산_코스","경기도","부천시",1546,198,0.65,0.8,0.1,24,"easy"
"422","성우농원~성주산_코스","경기도","시흥시",3105,198,1.51,1.1,0.5,24,"easy"
"423","당성사~오봉산_코스","경기도","의왕시",1993,185,0.7,0.5,0.79,24,"easy"
"424","오봉산~당성사_코스","경기도","의왕시",1993,185,0.8,0.6,0.59,24,"easy"
"425","가리대~구름산입구_코스","경기도","광명시",2536,149,1.24,0.6,0.7,24,"easy"
"426","새롬모터스~가학산_코스","경기도","광명시",4413,213,1.91,1.7,0.8,24,"easy"
"427","구름산~단독필지사거리_코스","경기도","광명시",2289,146,0.99,0.5,0.8,24,"easy"
"428","단독필지사거리~구름산_코스","경기도","광명시",2289,146,0.8,0.8,0.69,24,"easy"
"429","가학산~새롬모터스_코스","경기도","광명시",4413,213,1.81,0.8,1.8,24,"easy"
"430","구름산입구~가리대_코스","경기도","광명시",2536,149,1.14,0.6,0.8,24,"easy"
"431","구름산~가리대_코스","경기도","광명시",1847,149,0.8,0.5,0.55,24,"easy"
"432","가리대~구름산_코스","경기도","광명시",1847,149,0.75,0.4,0.7,24,"easy"
"433","원미산산림욕장~소사동주민센터입구 부천성모병원후문 버스정류장_코스","경기도","부천시",1193,116,0.5,0.3,0.39,24,"easy"
"434","부천동초교앞교차로~춘덕산복숭아과원_코스","경기도","부천시",2564,148,1.26,0.6,0.7,24,"easy"
"435","청계산(망경대)~국사봉_코스","경기도","과천시",2797,603,1,0.9,0.9,24,"easy"
"436","발도르프학교 마을버스정류장~청계산(망경대)_코스","경기도","의왕시",4983,603,2.5,2.2,0.18,24,"easy"
"437","청계산(망경대)~관문초등학교_코스","경기도","과천시",6284,597,3.28,0.5,2.5,24,"easy"
"438","황금산_코스","경기도","남양주",855,90,0.3,0.3,0.26,24,"easy"
"439","송산배수지테니스장~삼호빌딩_코스","경기도","의정부",2542,156,1.44,0.3,0.8,24,"easy"
"440","덕소등산로입구~팔당역_코스","경기도","남양주",6055,423,3.4,1.2,1.46,24,"easy"
"441","덕소등산로입구~팔당교회 입구_코스","경기도","남양주",6020,423,3.42,1.2,1.4,24,"easy"
"442","월문교사거리~예빈산_코스","경기도","남양주",10803,649,6.38,2.59,1.73,24,"easy"
"443","홍천고등학교~광교산(범봉)_코스","경기도","용인시",11277,544,4.11,3.7,3.47,24,"easy"
"444","주안말사거리~광교산(범봉)_코스","경기도","수원시",6905,334,3.7,1.8,1.4,24,"easy"
"445","홍천고등학교~오금산정상부근_코스","경기도","용인시",15939,544,4.49,5.57,5.88,24,"easy"
"446","성복천~광교산(시루봉)_코스","경기도","용인시",6130,543,2.53,2.8,0.8,24,"easy"
"447","예수회수련원~오금산정상부근_코스","경기도","수원시",8790,334,4.4,1.79,2.5,24,"easy"
"448","늘푸른마을입구~오금산정상부근_코스","경기도","용인시",15805,544,5.37,5.37,5.06,24,"easy"
"449","오금산정상부근~이진봉_코스","경기도","의왕시",8761,334,4.06,2.3,2.4,24,"easy"
"450","망치봉~백운산_코스","경기도","의왕시",7397,545,4.1,2.8,0.5,24,"easy"
"451","오금산정상부근~광교산 반딧불이화장실_코스","경기도","의왕시",11951,334,5.29,2.98,3.57,24,"easy"
"452","수창산업~금이2교_코스","경기도","시흥시",2836,187,1.34,0.6,0.9,24,"easy"
"453","금이2교~수창산업_코스","경기도","시흥시",2836,187,1.34,0.9,0.6,24,"easy"
"454","늘푸른마을입구~모락산_코스","경기도","용인시",12852,564,5.56,4.74,2.56,25,"easy"
"455","동천더샵이스트포레~백운산중턱_코스","경기도","용인시",11253,544,3.86,3.58,3.81,25,"easy"
"456","오금산정상부근~연화 유치원_코스","경기도","의왕시",11585,334,4.03,3.22,4.23,25,"easy"
"457","오금산정상부근~삼성쉐르빌_코스","경기도","의왕시",16577,544,5.28,5.28,6.02,25,"easy"
"458","영심봉~바라산_코스","경기도","의왕시",9898,451,5.3,1.8,2.8,25,"easy"
"459","오금산정상부근~법통사_코스","경기도","의왕시",14845,544,4.63,4.59,5.62,25,"easy"
"460","성복천~문래산_코스","경기도","용인시",23071,533,8.58,7.59,6.9,25,"easy"
"461","법통사~오금산정상부근_코스","경기도","용인시",14845,544,4.19,5.03,5.62,25,"easy"
"462","송죽교~광교산(시루봉)_코스","경기도","수원시",7720,544,3.52,3.1,1.1,25,"easy"
"463","오금산정상부근~조원천_코스","경기도","의왕시",10160,334,4.4,2.42,3.33,25,"easy"
"464","송죽교~오금산정상부근_코스","경기도","수원시",9986,334,5,2.29,2.7,25,"easy"
"465","오금산정상부근~광교쉼터출발점_코스","경기도","의왕시",10365,334,4.39,2.68,3.19,25,"easy"
"466","송죽교~모락산산림욕장위_코스","경기도","수원시",12248,564,5.86,3.22,3.17,25,"easy"
"467","성복천~바라산_코스","경기도","용인시",10444,545,4.16,3.95,2.33,25,"easy"
"468","용인동천동우체국~태봉산_코스","경기도","용인시",18012,451,7.92,4.86,5.22,25,"easy"
"469","오금산정상부근~백운산_코스","경기도","의왕시",8550,545,3.85,3.3,1.4,25,"easy"
"470","옹달산중턱~수지성모요양원입구_코스","경기도","성남시",15108,451,6.19,3.93,4.98,25,"easy"
"471","오금산정상부근~광교산(시루봉)_코스","경기도","의왕시",9757,544,4.26,3.7,1.8,25,"easy"
"472","안양판교로 161~문래산_코스","경기도","의왕시",8980,366,4.4,2.1,2.08,25,"easy"
"473","수지성당삼거리~백운산중턱_코스","경기도","용인시",11353,544,4.35,3.5,3.5,25,"easy"
"474","성복천~오금산정상부근_코스","경기도","용인시",15867,544,4.74,5.44,5.69,25,"easy"
"475","모락산~장안말고개_코스","경기도","의왕시",12958,564,5.48,2.45,5.03,25,"easy"
"476","송죽교~광교산(범봉)_코스","경기도","수원시",5325,334,2.53,1.7,1.1,25,"easy"
"477","성복천~백운산중턱_코스","경기도","용인시",11166,544,4.33,3.55,3.29,25,"easy"
"478","송죽교~오금산정상부근_코스","경기도","수원시",9987,334,4.8,2.49,2.7,25,"easy"
"479","법통사~바라산_코스","경기도","용인시",9185,545,4.2,3.2,1.79,25,"easy"
"480","오금산정상부근~수지성당삼거리_코스","경기도","의왕시",16054,544,4.37,5.12,6.56,25,"easy"
"481","수지풍덕자동차운전전문학원~광교산(범봉)_코스","경기도","용인시",10361,544,4.39,3.09,2.88,25,"easy"
"482","응달산~바라산_코스","경기도","성남시",12120,451,5.1,3.15,3.87,25,"easy"
"483","수지성당삼거리~오금산정상부근_코스","경기도","용인시",16054,544,5.81,5.12,5.12,25,"easy"
"484","법통사~광교산(범봉)_코스","경기도","용인시",10183,544,4.33,3.03,2.83,25,"easy"
"485","오금산정상부근~수지풍덕자동차운전전문학원_코스","경기도","의왕시",15023,544,4.97,4.5,5.55,25,"easy"
"486","야쿠르트입구교차로~백운산중턱_코스","경기도","의왕시",1643,221,0.94,0.6,0.1,25,"easy"
"487","주사랑교회~바라산_코스","경기도","용인시",10577,451,4.62,2.31,3.65,25,"easy"
"488","지구촌교회~오금산정상부근_코스","경기도","용인시",15769,544,4.24,5.88,5.65,25,"easy"
"489","토월약수터위~오금산정상부근_코스","경기도","용인시",15024,544,4.07,4.95,6,25,"easy"
"490","오금산정상부근~수지성당삼거리_코스","경기도","의왕시",16054,544,4.37,5.12,6.56,25,"easy"
"491","동천더샵이스트포레~바라산_코스","경기도","용인시",10371,545,3.61,4.43,2.34,25,"easy"
"492","토월약수터위~광교산(범봉)_코스","경기도","용인시",10362,544,4.18,3.09,3.09,25,"easy"
"493","삼성쉐르빌~오금산정상부근_코스","경기도","용인시",16577,544,4.62,6.18,5.78,25,"easy"
"494","오금산정상부근~광교쉼터출발점_코스","경기도","의왕시",10365,334,4.39,2.68,3.19,25,"easy"
"495","늘푸른마을입구~모락산 약수터_코스","경기도","용인시",15054,564,4.7,5.55,4.8,25,"easy"
"496","성복천~안산_코스","경기도","용인시",21668,533,8.28,6.7,6.7,25,"easy"
"497","법통사~백운산중턱_코스","경기도","용인시",10714,544,4.07,3.32,3.32,25,"easy"
"498","홍천초등학교~바라산_코스","경기도","용인시",9873,545,4.1,3.3,2.47,25,"easy"
"499","수지풍덕자동차운전전문학원~오금산정상부근_코스","경기도","용인시",15023,544,4.22,5.1,5.7,25,"easy"
"500","늘푸른마을입구~모락산터널위_코스","경기도","용인시",14406,564,5.62,4.61,4.18,25,"easy"
"501","안양시립청계묘지관리사무소~안산_코스","경기도","의왕시",6888,360,2.79,2,1.9,25,"easy"
"502","송죽교~백운산_코스","경기도","수원시",6512,545,3.21,2.7,0.6,25,"easy"
"503","옹달산중턱~용인동천동우체국_코스","경기도","성남시",15870,451,7.18,4.27,4.42,25,"easy"
"504","지구촌교회~백운산중턱_코스","경기도","용인시",11069,544,4.07,3.41,3.59,25,"easy"
"505","홍천고등학교~문래산_코스","경기도","용인시",23127,533,9.5,7.16,6.47,25,"easy"
"506","오금산정상부근~광교산(시루봉)_코스","경기도","의왕시",9758,544,4.16,3.8,1.8,25,"easy"
"507","법통사~오금산정상부근_코스","경기도","용인시",14845,544,4.19,5.03,5.62,25,"easy"
"508","오금산정상부근~토월약수터위_코스","경기도","의왕시",15024,544,4.8,4.8,5.4,25,"easy"
"509","모락산터널위~늘푸른마을입구_코스","경기도","의왕시",14439,564,5.94,3.17,5.33,25,"easy"
"510","모락산산림욕장위~늘푸른마을입구_코스","경기도","의왕시",13866,564,4.97,3.73,5.17,25,"easy"
"511","바라산~주사랑교회_코스","경기도","의왕시",10577,451,5.36,3.26,1.97,25,"easy"
"512","수지성당삼거리~안산_코스","경기도","용인시",21763,533,7.44,7.38,6.94,25,"easy"
"513","모락산~늘푸른마을입구_코스","경기도","의왕시",12852,564,5.04,2.94,4.86,25,"easy"
"514","모락산 약수터~늘푸른마을입구_코스","경기도","의왕시",15054,564,4.35,4.5,6.2,25,"easy"
"515","늘푸른마을입구~오금산정상부근_코스","경기도","용인시",14756,544,4.32,5.29,5.15,25,"easy"
"516","오금산정상부근~광교쉼터출발점_코스","경기도","의왕시",10339,334,4.37,2.68,3.19,25,"easy"
"517","법통사~광교산(범봉)_코스","경기도","용인시",10183,544,4.33,3.03,2.83,25,"easy"
"518","바라산_코스","경기도","의왕시",10759,451,4.98,3.32,2.46,25,"easy"
"519","홍천고등학교~안산_코스","경기도","용인시",21724,533,7.81,6.51,7.38,25,"easy"
"520","오금산정상부근~조원천_코스","경기도","의왕시",10160,334,4.4,2.42,3.33,25,"easy"
"521","오금산정상부근~토월약수터위_코스","경기도","의왕시",15024,544,4.8,4.8,5.4,25,"easy"
"522","오금산정상부근~송죽교_코스","경기도","의왕시",9987,334,4.6,2.39,3,25,"easy"
"523","예수회수련원~백운산중턱_코스","경기도","수원시",4088,334,2,0.9,1.09,25,"easy"
"524","모락산터널위~늘푸른마을입구_코스","경기도","의왕시",14406,564,5.33,3.74,5.33,25,"easy"
"525","동천더샵이스트포레~백운산_코스","경기도","용인시",11613,545,3.73,5.45,2.44,25,"easy"
"526","삼성쉐르빌~광교산(범봉)_코스","경기도","용인시",11915,544,4.3,3.81,3.81,25,"easy"
"527","모락산~수루레미다리_코스","경기도","의왕시",9039,564,4.64,1.4,3,25,"easy"
"528","모락산산림욕장위~송죽교_코스","경기도","의왕시",12247,564,5.49,2.98,3.78,25,"easy"
"529","오금산정상부근~늘푸른마을입구_코스","경기도","의왕시",14756,544,4.56,4.56,5.64,25,"easy"
"530","성복천~광교산(범봉)_코스","경기도","용인시",11205,544,3.81,3.58,3.81,25,"easy"
"531","늘푸른마을입구~모락산산림욕장위_코스","경기도","용인시",13866,564,5.38,5.03,3.45,25,"easy"
"532","1급분당종합정비사업~바라산_코스","경기도","성남시",19375,451,8.18,6.37,4.63,25,"easy"
"533","바라산~이승석목갤러리_코스","경기도","의왕시",10385,451,4.53,3.3,2.56,25,"easy"
"534","서수지 톨게이트~광교산둘레길_코스","경기도","용인시",3718,266,1.1,1.3,1.2,25,"easy"
"535","늘푸른마을입구~모락산터널위_코스","경기도","용인시",14439,564,5.94,4.46,4.03,25,"easy"
"536","오금산정상부근~송죽교_코스","경기도","의왕시",9986,334,4.3,2.49,3.2,25,"easy"
"537","오금산정상부근~성지바위산_코스","경기도","의왕시",13050,544,3.82,4.55,4.68,25,"easy"
"538","응달산~이승석목갤러리_코스","경기도","성남시",11746,451,5.43,3.04,3.28,25,"easy"
"539","수지성당삼거리~문래산_코스","경기도","용인시",23165,533,8.61,7.85,6.7,25,"easy"
"540","응달산~수지성모요양원입구_코스","경기도","성남시",13687,451,6.12,3.81,3.76,25,"easy"
"541","오금산정상부근~백운산_코스","경기도","의왕시",8550,545,3.85,3.3,1.4,25,"easy"
"542","지구촌교회~바라산_코스","경기도","용인시",10209,545,4.09,3.77,2.35,25,"easy"
"543","3차 더힐즈 에피소드~문래산_코스","경기도","의왕시",8588,366,4,2.1,2.09,25,"easy"
"544","신봉마을6단지건너편~광교산둘레길_코스","경기도","용인시",7587,408,2.89,2.4,2.2,25,"easy"
"545","오금산정상부근~장수촌_코스","경기도","의왕시",10821,334,4.54,2.92,3.35,25,"easy"
"546","지구촌교회~광교산(범봉)_코스","경기도","용인시",11107,544,4.11,3.77,3.22,25,"easy"
"547","동천더샵이스트포레~백운산중턱_코스","경기도","용인시",11098,544,4.18,3.52,3.4,25,"easy"
"548","오금산정상부근~연화 유치원_코스","경기도","의왕시",11585,334,4.03,3.22,4.23,25,"easy"
"549","주사랑교회~발화산(우담산)_코스","경기도","용인시",8493,451,5.09,2.2,1.2,25,"easy"
"550","오금산정상부근~법항정사_코스","경기도","의왕시",12384,545,5.62,3.32,3.44,25,"easy"
"551","오금산정상부근~한철 약수터_코스","경기도","의왕시",8278,334,3.6,2.2,2.48,25,"easy"
"552","오금산정상부근~광교산(시루봉)_코스","경기도","의왕시",9757,544,4.26,3.7,1.8,25,"easy"
"553","오금산정상부근~지구촌교회_코스","경기도","의왕시",15769,544,5.25,4.87,5.65,25,"easy"
"554","수지성당삼거리~광교산(범봉)_코스","경기도","용인시",11392,544,4.5,3.5,3.39,25,"easy"
"555","오금산정상부근~고기리유원지앞_코스","경기도","의왕시",12372,545,5.54,3.32,3.52,25,"easy"
"556","송죽교~광교산(범봉)_코스","경기도","수원시",5325,334,2.53,1.7,1.1,25,"easy"
"557","성복천~광교산(범봉)_코스","경기도","용인시",11205,544,3.81,3.58,3.81,25,"easy"
"558","안양시립청계묘지관리사무소~문래산_코스","경기도","의왕시",8290,360,3.7,2,1.99,25,"easy"
"559","주안말사거리~백운산중턱_코스","경기도","수원시",6866,334,3.5,1.8,1.57,25,"easy"
"560","토월약수터위~백운산중턱_코스","경기도","용인시",10324,544,4.02,3.09,3.19,25,"easy"
"561","오금산정상부근~성복천_코스","경기도","의왕시",15867,544,5.44,4.42,6,25,"easy"
"562","응달산~주사랑교회_코스","경기도","성남시",11938,451,5.95,2.86,3.09,25,"easy"
"563","오금산정상부근~삼성쉐르빌_코스","경기도","의왕시",16577,544,5.28,5.28,6.02,25,"easy"
"564","수지풍덕자동차운전전문학원~광교산(범봉)_코스","경기도","용인시",10361,544,4.39,3.09,2.88,25,"easy"
"565","홍천고등학교~백운산중턱_코스","경기도","용인시",11239,544,4.07,3.7,3.47,25,"easy"
"566","지구촌교회~광교산(범봉)_코스","경기도","용인시",11107,544,4.11,3.77,3.22,25,"easy"
"567","성복천~오금산정상부근_코스","경기도","용인시",15867,544,4.9,5.44,5.53,25,"easy"
"568","토월약수터위~오금산정상부근_코스","경기도","용인시",15024,544,4.07,4.95,6,25,"easy"
"569","주안말사거리~백운산_코스","경기도","수원시",8092,545,4.49,2.9,0.7,25,"easy"
"570","주사랑교회~응달산_코스","경기도","용인시",11938,451,5.99,2.98,2.98,25,"easy"
"571","응봉~성지바위산_코스","경기도","용인시",8665,346,4.07,2.3,2.3,25,"easy"
"572","수지풍덕자동차운전전문학원~오금산정상부근_코스","경기도","용인시",15023,544,4.22,5.1,5.7,25,"easy"
"573","3차 더힐즈 에피소드~안산_코스","경기도","의왕시",7185,366,2.99,2.1,2,25,"easy"
"574","수지성당삼거리~광교산(범봉)_코스","경기도","용인시",11392,544,4.5,3.5,3.39,25,"easy"
"575","오금산정상부근~수지풍덕자동차운전전문학원_코스","경기도","의왕시",15023,544,4.97,4.5,5.55,25,"easy"
"576","앵봉산~해피리움 버스정류장_코스","경기도","고양시",1574,212,0.6,0.1,0.87,25,"easy"
"577","앵봉산~선일이비즈니스고등학교_코스","경기도","고양시",1660,212,0.46,0.2,1,25,"easy"
"578","구름산입구~광명시보건소_코스","경기도","광명시",2952,149,1.05,0.7,1.2,25,"easy"
"579","가학산~기형도 문학관 건너편_코스","경기도","광명시",2199,198,1,0.2,1,25,"easy"
"580","황룡산_코스","경기도","고양시",1844,85,1.14,0.2,0.5,25,"easy"
"581","황금산_코스","경기도","남양주",1777,63,1.3,0.3,0.18,25,"easy"
"582","e편한세상추동공원~송산배수지테니스장_코스","경기도","의정부",1763,156,0.86,0.6,0.3,25,"easy"
"583","송산배수지테니스장~e편한세상추동공원_코스","경기도","의정부",1763,156,0.76,0.3,0.7,25,"easy"
"584","춘덕산복숭아과원~부천상록학교_코스","경기도","부천시",2076,114,1.38,0.3,0.4,25,"easy"
"585","원미공원~춘덕산복숭아과원_코스","경기도","부천시",1778,114,1.08,0.4,0.3,25,"easy"
"586","부천동초교앞교차로~춘덕산복숭아과원_코스","경기도","부천시",2962,148,1.46,0.7,0.8,25,"easy"
"587","부천상록학교~춘덕산복숭아과원_코스","경기도","부천시",2076,114,1.28,0.5,0.3,25,"easy"
"588","춘덕산복숭아과원~부천동초교앞교차로_코스","경기도","부천시",2962,148,1.6,0.6,0.7,25,"easy"
"589","삼성산~관천교회_코스","경기도","안양시",6456,452,3.06,0.8,2.6,25,"easy"
"590","지산공인중개사사무소~미성빌라_코스","경기도","안양시",9956,407,4.66,2.8,2.5,25,"easy"
"591","산채 고을~비산 누룽지 백숙_코스","경기도","안양시",1277,125,0.48,0.3,0.5,25,"easy"
"592","지산공인중개사사무소~난향삼거리_코스","경기도","안양시",7447,407,3.25,2.5,1.7,25,"easy"
"593","삼성산 중턱~길현천_코스","경기도","안양시",7774,448,4.17,1.6,1.9,25,"easy"
"594","삼성산 중턱~함평한우촌_코스","경기도","안양시",2316,119,1.32,0.5,0.5,25,"easy"
"595","삼성산국기대~미성빌라_코스","경기도","안양시",6826,441,2.8,0.8,3.2,25,"easy"
"596","함평한우촌~삼성산 중턱_코스","경기도","안양시",2315,119,1.42,0.4,0.5,25,"easy"
"597","삼성산국기대~돌산(국기대)_코스","경기도","안양시",4476,441,1.98,0.5,2,25,"easy"
"598","엠튜유니켐~우면산_코스","경기도","과천시",3684,247,1.98,1.4,0.3,25,"easy"
"599","삼성산국기대~금천구민문화체육센터_코스","경기도","안양시",6262,441,2.66,0.8,2.8,25,"easy"
"600","지산공인중개사사무소~관천교회_코스","경기도","안양시",10060,407,4.86,2.8,2.4,25,"easy"
"601","관양고등학교~지산공인중개사사무소_코스","경기도","안양시",8600,425,4.4,2.2,1.9,25,"easy"
"602","길현천~삼성산 중턱_코스","경기도","안양시",7774,448,4.07,1.8,1.9,25,"easy"
"603","대잔디원~삼성산 중턱_코스","경기도","안양시",2506,205,1.4,0.3,0.8,25,"easy"
"604","삼성산국기대~난향삼거리_코스","경기도","안양시",4318,441,1.8,0.6,1.9,25,"easy"
"605","삼성산국기대~관천교회_코스","경기도","안양시",6932,441,3.23,0.8,2.9,25,"easy"
"606","비산 누룽지 백숙~산채 고을_코스","경기도","안양시",1277,125,0.6,0.3,0.38,25,"easy"
"607","삼성산~미성빌라_코스","경기도","안양시",6350,452,2.85,0.8,2.7,25,"easy"
"608","안양해솔학교앞~돌산(국기대)_코스","경기도","안양시",5752,396,2.55,2,1.2,25,"easy"
"609","지산공인중개사사무소~관양고등학교_코스","경기도","안양시",8600,425,4.3,1.8,2.5,25,"easy"
"610","지산공인중개사사무소~동편휴먼시아1단지110동_코스","경기도","안양시",8545,425,4.35,1.8,2.4,25,"easy"
"611","선바위미술관위~우면산_코스","경기도","과천시",3468,247,2.07,1,0.4,25,"easy"
"612","삼성산국기대~돌산(국기대)_코스","경기도","안양시",4476,441,1.98,0.5,2,25,"easy"
"613","삼성산국기대~돌산_코스","경기도","안양시",3692,441,1.39,0.6,1.7,25,"easy"
"614","안양해솔학교앞~돌산(국기대)_코스","경기도","안양시",5752,396,2.55,2,1.2,25,"easy"
"615","삼성산 중턱~대잔디원_코스","경기도","안양시",2507,205,1.3,0.7,0.5,25,"easy"
"616","동편휴먼시아1단지110동~지산공인중개사사무소_코스","경기도","안양시",8545,425,4.75,2.1,1.7,25,"easy"
"617","아차산~동의초등학교_코스","경기도","구리시",1893,274,0.6,0.1,1.19,25,"easy"
"618","아치울마을 버스정류장~아차산성 유원지_코스","경기도","구리시",5758,300,3.3,1.1,1.36,25,"easy"
"619","청계산(망경대)~독정이골_코스","경기도","과천시",5920,603,2.8,0.6,2.5,25,"easy"
"620","청계산옛골 마을버스정류장~인덕원역 1번출구_코스","경기도","성남시",11104,572,4.44,3.22,3.44,25,"easy"
"621","과천센트럴파크푸르지오써밋~청계산숲자람터_코스","경기도","과천시",7122,392,3.22,1.8,2.1,25,"easy"
"622","옥박골사거리~청계산(망경대)_코스","경기도","의왕시",6514,603,2.61,2.9,0.9,25,"easy"
"623","청계산옛골 마을버스정류장~발도르프학교 마을버스정류장_코스","경기도","성남시",7597,552,3.3,2.2,2,25,"easy"
"624","석기봉~청계산옛골 마을버스정류장_코스","경기도","과천시",4393,588,1.3,0.2,2.89,25,"easy"
"625","과천센트럴파크푸르지오써밋~청계산(망경대)_코스","경기도","과천시",6254,603,2.6,2.9,0.75,25,"easy"
"626","인덕원역 1번출구~청계산옛골 마을버스정류장_코스","경기도","안양시",11133,572,4.7,3.11,3.33,25,"easy"
"627","인덕원역 1번출구~청계산옛골 마을버스정류장_코스","경기도","안양시",11138,572,4.7,3.11,3.33,25,"easy"
"628","청계산옛골 마을버스정류장~석기봉_코스","경기도","성남시",4426,588,1.83,2.5,0.1,25,"easy"
"629","청계산옛골 마을버스정류장~인덕원역 1번출구_코스","경기도","성남시",11133,572,4.36,3.11,3.66,25,"easy"
"630","청계산(망경대)~과천센트럴파크푸르지오써밋_코스","경기도","과천시",6254,603,2.35,0.8,3.1,25,"easy"
"631","발도르프학교 마을버스정류장~청계산옛골 마을버스정류장_코스","경기도","의왕시",7597,552,3.1,2.1,2.4,25,"easy"
"632","인덕원역 1번출구~청계산옛골 마을버스정류장_코스","경기도","안양시",11104,572,4.77,3.11,3.22,25,"easy"
"633","청계4통경로당~청계산옛골 마을버스정류장_코스","경기도","의왕시",7564,552,3.1,1.9,2.46,25,"easy"
"634","과천센트럴파크푸르지오써밋~청계산 원터골 버스정류장_코스","경기도","과천시",7603,392,3.7,1.9,2,25,"easy"
"635","과천센트럴파크푸르지오써밋~굴바위산_코스","경기도","과천시",6556,380,3.3,1.6,1.66,25,"easy"
"636","청계산옛골 마을버스정류장~석기봉_코스","경기도","성남시",4393,588,1.49,2.6,0.3,25,"easy"
"637","다람쥐광장~청계산(망경대)_코스","경기도","과천시",4662,603,1.8,2.1,0.76,25,"easy"
"638","청계산(망경대)~옥박골사거리_코스","경기도","과천시",6514,603,2.71,0.8,3,25,"easy"
"639","다람쥐광장~청계산 원터골 버스정류장_코스","경기도","과천시",7415,392,3.5,1.6,2.3,25,"easy"
"640","청계산옛골 마을버스정류장~청계4통경로당_코스","경기도","성남시",7564,552,3.36,2.2,1.9,25,"easy"
"641","청계산(망경대)~다람쥐광장_코스","경기도","과천시",4662,603,1.8,0.7,2.16,25,"easy"
"642","석기봉~청계산옛골 마을버스정류장_코스","경기도","과천시",4426,588,1.33,0.1,3,25,"easy"
"643","옥박골사거리~청계산(망경대)_코스","경기도","의왕시",6514,603,2.61,2.9,0.9,25,"easy"
"644","독정이골~청계산(망경대)_코스","경기도","의왕시",5920,603,2.72,2.4,0.7,25,"easy"
"645","관문초등학교~청계산 원터골 버스정류장_코스","경기도","과천시",6138,392,2.74,1.5,1.9,25,"easy"
"646","관문초등학교~청계산기도원_코스","경기도","과천시",6160,412,3,1.6,1.56,25,"easy"
"647","청계산옛골 마을버스정류장~석기봉_코스","경기도","성남시",4421,588,1.82,2.5,0.1,25,"easy"
"648","아차산~워커힐버스정류소_코스","경기도","구리시",1937,274,0.5,0.14,1.3,25,"easy"
"649","관산25통마을회관앞버스정류소~대자동회전교차로_코스","경기도","고양시",1805,139,0.9,0.5,0.4,25,"easy"
"650","대자동회전교차로~관산25통마을회관앞버스정류소_코스","경기도","고양시",1588,139,0.6,0.4,0.59,25,"easy"
"651","관산25통마을회관앞버스정류소~대자동회전교차로_코스","경기도","고양시",1588,139,0.7,0.5,0.39,25,"easy"
"652","관산14동마을회관~관산25동마을회관_코스","경기도","고양시",2464,138,1.2,0.7,0.56,25,"easy"
"653","대자동회전교차로~관산25통마을회관앞버스정류소_코스","경기도","고양시",1805,139,0.7,0.4,0.7,25,"easy"
"654","고흥곤국악기연구원~객산_코스","경기도","하남시",3718,267,1.7,1.4,0.6,25,"easy"
"655","꿈자람공원~너구리산_코스","경기도","시흥시",7641,404,3.04,3,1.6,25,"easy"
"656","북한산성계곡~영광교회_코스","경기도","고양시",7112,488,3.81,1.9,1.4,25,"easy"
"657","북한산성계곡~금선사_코스","경기도","고양시",6592,488,3.7,2,0.89,25,"easy"
"658","왕궁빌라~거마산_코스","경기도","부천시",1505,198,0.6,0.8,0.1,25,"easy"
"659","한울빛도서관~소래산_코스","경기도","부천시",4585,266,2.29,1.6,0.7,25,"easy"
"660","소사대공원~성주산_코스","경기도","부천시",2346,198,1.15,0.9,0.3,25,"easy"
"661","소사대공원~소래산_코스","경기도","부천시",4672,266,2.47,1.6,0.6,25,"easy"
"662","성주산~소사대공원_코스","경기도","부천시",2346,198,1.05,0.4,0.9,25,"easy"
"663","진영고등학교~소래산_코스","경기도","부천시",3635,266,1.84,1.3,0.5,25,"easy"
"664","성덕파크빌~소래산_코스","경기도","부천시",3805,266,1.8,1.5,0.5,25,"easy"
"665","오봉산~종가집_코스","경기도","군포시",2096,185,1,0.4,0.7,25,"easy"
"666","종가집~오봉산_코스","경기도","의왕시",2096,185,1,0.6,0.5,25,"easy"
"667","종가집~오봉산_코스","경기도","의왕시",2121,185,1.12,0.6,0.4,25,"easy"
"668","오봉산~종가집_코스","경기도","군포시",2121,185,1.02,0.4,0.7,25,"easy"
"669","구름산쉼터~안서초등학교입구_코스","경기도","광명시",6465,223,2.67,1.8,2,25,"easy"
"670","가학산~광명터널입구_코스","경기도","광명시",1644,200,0.8,0.1,0.74,25,"easy"
"671","가리대~구름산_코스","경기도","광명시",2069,213,1.17,0.8,0.1,25,"easy"
"672","가학산~가리대_코스","경기도","광명시",4023,213,1.92,0.8,1.3,25,"easy"
"673","기형도 문학관 건너편~가학산_코스","경기도","광명시",2199,198,1,0.9,0.3,25,"easy"
"674","광명시보건소~서독산패러글라이딩착륙장_코스","경기도","광명시",7026,213,3.33,2,1.7,25,"easy"
"675","소하동복지회관~구름산입구_코스","경기도","광명시",2101,133,0.9,0.6,0.6,25,"easy"
"676","한치고개육교~구름산입구_코스","경기도","광명시",1313,133,0.4,0.3,0.6,25,"easy"
"677","광명시노인요양벙원~가학산_코스","경기도","광명시",4229,213,2.03,1.5,0.7,25,"easy"
"678","구름산입구~한치고개육교_코스","경기도","광명시",1313,133,0.61,0.4,0.3,25,"easy"
"679","구름산쉼터~단독필지사거리_코스","경기도","광명시",3323,223,1.32,1,1,25,"easy"
"680","새롬모터스~구름산_코스","경기도","광명시",2438,213,0.94,1.3,0.2,25,"easy"
"681","단독필지사거리~가학산_코스","경기도","광명시",4519,213,1.92,1.7,0.9,25,"easy"
"682","소하동복지회관~가학산_코스","경기도","광명시",3649,213,1.45,1.6,0.6,25,"easy"
"683","가학산~삼천리CNG충전소_코스","경기도","광명시",2207,198,1.01,0.2,1,25,"easy"
"684","하얀공동묘지앞~가학산_코스","경기도","광명시",3897,213,1.7,1.5,0.7,25,"easy"
"685","기형도 문학관 건너편~가학산_코스","경기도","광명시",2140,198,1.04,1,0.1,25,"easy"
"686","구름산~가리대_코스","경기도","광명시",2048,213,1,0.1,0.95,25,"easy"
"687","서독산패러글라이딩착륙장~광명시보건소_코스","경기도","광명시",7026,213,3.03,1.8,2.2,25,"easy"
"688","소하동복지회관~서독산패러글라이딩착륙장_코스","경기도","광명시",6180,213,3,1.7,1.48,25,"easy"
"689","산림욕장입구~안서초등학교입구_코스","경기도","광명시",7665,213,3.57,2,2.1,25,"easy"
"690","가리대~구름산_코스","경기도","광명시",2048,213,1.15,0.7,0.2,25,"easy"
"691","광명터널입구~가학산_코스","경기도","광명시",1644,200,0.74,0.8,0.1,25,"easy"
"692","가학산~기형도 문학관 건너편_코스","경기도","광명시",2140,198,0.94,0.2,1,25,"easy"
"693","서독산패러글라이딩착륙장~소하동복지회관_코스","경기도","광명시",6180,213,2.58,1.6,2,25,"easy"
"694","산림욕장입구~노리실낚시터_코스","경기도","광명시",7048,213,3.15,1.9,2,25,"easy"
"695","안서초등학교입구~산림욕장입구_코스","경기도","광명시",7665,213,3.4,2.1,2.17,25,"easy"
"696","광명시보건소~구름산입구_코스","경기도","광명시",2952,149,1.45,0.8,0.7,25,"easy"
"697","구름산쉼터~가리대_코스","경기도","광명시",2882,223,0.9,0.9,1.08,25,"easy"
"698","서독산패러글라이딩착륙장~가리대_코스","경기도","광명시",6573,213,2.9,1.8,1.87,25,"easy"
"699","구름산~노리실낚시터_코스","경기도","광명시",4916,213,2.62,0.9,1.4,25,"easy"
"700","안서초등학교입구~구름산쉼터_코스","경기도","광명시",6465,223,2.7,2,1.77,25,"easy"
"701","가학산~공세동경로당_코스","경기도","광명시",2387,198,1.09,0.3,1,25,"easy"
"702","한치고개육교~구름산_코스","경기도","광명시",2070,132,1,0.4,0.67,25,"easy"
"703","노리실낚시터~산림욕장입구_코스","경기도","광명시",7048,213,3.45,1.7,1.9,25,"easy"
"704","구름산~가리대_코스","경기도","광명시",2069,213,1,0.1,0.97,25,"easy"
"705","구름산~새롬모터스_코스","경기도","광명시",2438,213,1.24,0.1,1.1,25,"easy"
"706","구름산~한치고개육교_코스","경기도","광명시",2070,132,1.07,0.5,0.5,25,"easy"
"707","단독필지사거리~구름산쉼터_코스","경기도","광명시",3323,223,1.02,1.3,1,25,"easy"
"708","가학산~하얀공동묘지앞_코스","경기도","광명시",3897,213,1.5,0.8,1.6,25,"easy"
"709","공세동경로당~가학산_코스","경기도","광명시",2387,198,1.1,0.89,0.4,25,"easy"
"710","가학산~광명시노인요양벙원_코스","경기도","광명시",4229,213,1.73,0.8,1.7,25,"easy"
"711","노리실낚시터~구름산_코스","경기도","광명시",4916,213,2.62,1.4,0.9,25,"easy"
"712","가리대~서독산패러글라이딩착륙장_코스","경기도","광명시",6573,213,3.2,1.7,1.67,25,"easy"
"713","가리대~구름산쉼터_코스","경기도","광명시",2882,223,1.2,0.7,0.98,25,"easy"
"714","삼천리CNG충전소~가학산_코스","경기도","광명시",2207,198,0.9,1,0.3,25,"easy"
"715","구름산입구~소하동복지회관_코스","경기도","광명시",2101,133,0.8,0.6,0.7,25,"easy"
"716","춘덕산복숭아과원~원미공원_코스","경기도","부천시",1778,114,1.1,0.3,0.38,25,"easy"
"717","청계산옛골 마을버스정류장~인덕원역 1번출구_코스","경기도","성남시",11138,572,4.7,2.89,3.55,25,"easy"
"718","청계산(망경대)~다람쥐광장_코스","경기도","과천시",4662,603,1.8,0.7,2.16,25,"easy"
"719","다람쥐광장~청계산(망경대)_코스","경기도","과천시",4662,603,1.8,2.1,0.76,25,"easy"
"720","석기봉~청계산옛골 마을버스정류장_코스","경기도","과천시",4421,588,1.32,0.2,2.9,25,"easy"
"721","청계산(망경대)~독정이골_코스","경기도","과천시",5920,603,2.8,0.6,2.5,25,"easy"
"722","불곡산~죽전현대홈타운_코스","경기도","광주시",3041,318,1.34,0.4,1.3,25,"easy"
"723","조안보건소~적갑산_코스","경기도","남양주",7643,547,4.04,3,0.6,25,"easy"
"724","도곡리~덕소등산로입구_코스","경기도","남양주",4298,326,2.2,0.7,1,25,"easy"
"725","조안보건소~제공안산_코스","경기도","남양주",11354,547,5.14,3.73,2.49,25,"easy"
"726","조안보건소~큰명산_코스","경기도","남양주",11935,547,5.39,3.69,2.86,25,"easy"
"727","도곡1리입구~깊은산속올달샘캠핑장_코스","경기도","남양주",12024,547,5.42,2.88,3.72,25,"easy"
"728","조안보건소~갑산_코스","경기도","남양주",10590,547,5.66,2.94,2,25,"easy"
"729","덕소등산로입구~세정사_코스","경기도","남양주",11187,547,4.66,2.97,3.55,25,"easy"
"730","덕소등산로입구~깊은산속올달샘캠핑장_코스","경기도","남양주",11525,547,5.2,3.22,3.11,25,"easy"
"731","덕소등산로입구~도곡리_코스","경기도","남양주",4298,326,2.1,1.1,0.8,25,"easy"
"732","송죽교~광교산(시루봉)_코스","경기도","수원시",7720,544,3.52,3.1,1.1,25,"easy"
"733","토월약수터위~광교산(범봉)_코스","경기도","용인시",10362,544,4.18,3.09,3.09,25,"easy"
"734","오금산정상부근~법항정사_코스","경기도","의왕시",12384,545,5.62,3.32,3.44,25,"easy"
"735","오금산정상부근~한철 약수터_코스","경기도","의왕시",8278,334,3.6,2.2,2.48,25,"easy"
"736","오금산정상부근~고기리유원지앞_코스","경기도","의왕시",12369,545,5.54,3.32,3.51,25,"easy"
"737","용인동천동우체국~옹달산중턱_코스","경기도","용인시",15870,451,6.16,4.74,4.97,25,"easy"
"738","모락산~장안말고개_코스","경기도","의왕시",12960,564,5.48,2.45,5.03,25,"easy"
"739","지구촌교회~오금산정상부근_코스","경기도","용인시",15769,544,4.24,5.88,5.65,25,"easy"
"740","오금산정상부근~법통사_코스","경기도","의왕시",14845,544,4.63,4.59,5.62,25,"easy"
"741","주사랑교회~발화산(우담산)_코스","경기도","용인시",8493,451,5.09,2.2,1.2,25,"easy"
"742","성복천~백운산_코스","경기도","용인시",9062,545,4.46,3.3,1.3,25,"easy"
